Workbook

Sheet 液体
A1: 符号 | B1: 名称 | C1: 单位 | D1: 公式 | E1: 结果
A2: 工艺参数
A3: T | B3: 介质温度 | C3: ℃ | D3: 设计给定 | E3: 40
A4: Q | B4: 体积流量 | C4: m3/h | D4: 设计给定 | E4: 100
A5: P1 | B5: 阀前压力 | C5: KPa | D5: 设计给定 | E5: 4700
A6: P2 | B6: 阀后压力 | C6: KPa | D6: 设计给定 | E6: 2100
A7: ΔP | B7: 阀前后压差 | C7: KPa | D7: ΔP=P1-P2 | E7: =E5-E6 -> 2600
A8: ρ1 | B8: 在P1和T1时的流体密度 | C8: Kg/m3 | D8: 设计给定 | E8: 1000
A9: ρ1/ρ0 | B9: 相对密度（比重） | C9: 比重 | D9: ρ1/ρ0 | E9: =E8/1000 -> 1
A10: ν | B10: 运动粘度 | C10: m2/s | D10: 设计给定
A11: PC | B11: 绝对热力学临界压力 | C11: MPa | D11: 设计给定 | E11: 22.12
A12: Pr | B12: 对比压力 | D12: Pr=P1/Pc | E12: =E5/E11 -> 212.4774
A13: Pv | B13: 入口温度下液体蒸汽的绝对压力 | C13: KPa | D13: 设计给定 | E13: =E110 -> 260.18707
A14: T1 | B14: 入口绝对温度 | C14: K | D14: T1=T+273.15 | E14: =E3+273.15 -> 313.15
A15: Tc | B15: 绝对热力学临界温度 | C15: K | D15: 设计给定 | E15: =273.15+E13 -> 533.33707
A16: 不可压缩流体（液体）Kv计算
A17: C1 | B17: ΔP<FL2(P1-FFPV)时，非阻塞流，无接管 | E17: =E4/E83*SQRT(E9/E7) -> 19.611614
A18: C2 | B18: ΔP<[(FLP/FP)2(P1-FFPV)]时，非阻塞流，带接管 | E18: =E4/E83/E28*SQRT(E9/E7) -> 19.611614
A19: C3 | B19: ΔP≥FL2(P1-FFPV)时，阻塞流 无接管 | E19: =E4/E83/E27*SQRT(E9/(E5-E30*E13)) -> 16.654244
A20: C4 | B20: ΔP≥[(FLP/FP)2(P1-FFPV)]时，阻塞流，带接管 | E20: =E4/E83/E29*SQRT(E9/(E5-E30*E13)) -> 16.654244
A21: C5 | B21: 非紊流（层流和过渡流）时 | E21: =E4/E83/E61*SQRT(E9/E7) -> #DIV/0!
A22: C | B22: 流量系数Kv，Cv | E22: 50
A23: Ci | B23: 用于反复计算的假定流量系数 | D23: Ci=1.3C | E23: =1.3*E22 -> 65
A24: V | B24: 出口流速 | C24: m/s | E24: =E4/0.785/E36^2/3600*1000000 -> 5.5290163
A25: dB | B25: 噪音 | C25: dBA
B26: 流体状态 | D26: 阻塞流、非阻塞流
A27: FL | B27: 无附接管件控制阀的液体压力恢复系数 | D27: 设计给定 | E27: 0.9
A28: FP | B28: 管道几何形状系数 | E28: =1/SQRT(1+E56/E84*(E23/E36^2)^2) -> 1
A29: FLP | B29: 带附接管件控制阀的液体压力恢复系数和管道几何形状系数的复合系数 | E29: =E27/SQRT(1+E27^2/E84*E56/(E23/E36^2)^2) -> 0.9
A30: FF | B30: 液体临界压力比系数 | E30: =0.96-0.28*(E13/E11/1000) -> 0.95670649
A31: 开度计算 | B31: 等百 | C31: % | E31: =(1-LOG10(E34)/LOG10(E38))*100 -> 82.281618
B32: 线性 | C32: % | E32: =(E39-E34)/((E39-1)*E34)*100 -> 48.275862
B33: 快开 | C33: % | E33: =(1-SQRT(E39*(E34-1)/((E39-1)*E34)))*100 -> 28.080505
B34: m | E34: =E40/E22 -> 2
A35: 尺寸规格
A36: d | B36: 公称通径 | C36: mm | D36: 设计给定 | E36: 80
A37: D | B37: 管道内径 | C37: mm | E37: =E41 -> 80
A38: R | B38: 固有可调比-等百分比 | D38: 设计给定 | E38: 50
B39: 固有可调比-线性、快开 | D39: 设计给定 | E39: 30
A40: Kv | B40: 额定Kv | D40: 设计给定 | E40: 100
A41: D1 | B41: 上游管道内径 | C41: mm | D41: D1=D3-DT1 | E41: =E43-E45*2 -> 80
A42: D2 | B42: 下游管道内径 | C42: mm | D42: D1=D4-DT2 | E42: =E44-E46*2 -> 80
A43: D3 | B43: 上游管道外径 | C43: mm | D43: 设计给定 | E43: 89
A44: D4 | B44: 下游管道外径 | C44: mm | D44: 设计给定 | E44: 89
A45: DT1 | B45: 管道壁厚 | C45: mm | D45: 设计给定 | E45: 4.5
A46: DT2 | B46: 管道壁厚 | C46: mm | D46: 设计给定 | E46: 4.5
A47: D0 | B47: 节流孔直径 (阀座直径) | C47: mm | D47: 设计给定 | E47: 80
A48: Fd | B48: 控制阀类型修正系数
A49: Fd1 | B49: Ci/d2>0.16N18 | E49: =E101*E27^2*E61^2*(E22/E36^2)*SQRT(E22*E27)/(E4*(E27^2*E22^2/(E84*E37^4+1)^0.25)) -> 0
A50: Fd2 | B50: Ci/d2<0.16N18 | E50: =E102*E10*E27^2*SQRT(E22*E27)/(E4*(1+E99*(E22/E36^2)^(2/3))) -> 0
A51: Fd3 | E51: =E52/E53 -> 0.41899561
A52: dH | B52: 单流路的水力直径 | E52: =4*E54/E55 -> 14.044586
A53: do | B53: 总流路面积的等效直径 | E53: =SQRT(4*E54/3.14) -> 33.519649
A54: Ao | B54: 单流路的缩流断面的面积 | E54: =E100*E22*E27 -> 882
A55: lw | B55: 单流路的浸润周长 | E55: =3.14*E47 -> 251.2
A56: ζ | B56: 控制阀或阀内件附接渐缩管、渐扩管或其它管件时的速度头损失系数 | E56: =E57+E58+E59-E60 -> 0
A57: ζ1 | B57: 管件上游速度头损失系数 | E57: =0.5*(1-(E36/E41)^2)^2 -> 0
A58: ζ2 | B58: 管件下游速度头损失系数 | E58: =1*(1-(E36/E42)^2)^2 -> 0
A59: ζB1 | B59: 入口的伯努利系数 | E59: =1-(E36/E41)^4 -> 0
A60: ζB2 | B60: 出口的伯努利系数 | E60: =1-(E36/E42)^4 -> 0
A61: FR | B61: 雷诺数系数
A62: Rev | B62: 雷诺数 | E62: =E85*E48*E4/E10/SQRT(E23*E27)*(E27^2*E23^2/E84*E37^4+1)^0.25 -> #DIV/0!
A63: FR1 | B63: 过渡流状态-雷诺数系数 | E63: =1+(0.33*E27^0.5/E65^0.25)*LOG10(E62/10000) -> #DIV/0!
A64: FR2 | B64: 层流状态-雷诺数系数-≤1 | E64: =0.026/E27*SQRT(E65*E62) -> #DIV/0!
A65: n1 | E65: =E84/(E23/E36^2)^2 -> 15.511479
A66: n2 | E66: =1+E99*(E23/E36^2)^(2/3) -> 7.5657391
A67: FR3 | B67: 过渡流状态-雷诺数系数 | E67: =1+(0.33*E27^0.5/E66^0.25)*LOG10(E62/10000) -> #DIV/0!
A68: FR4 | B68: 层流状态-雷诺数系数-≤1 | E68: =0.026/E27*SQRT(E66*E62) -> #DIV/0!
A69: Fγ | B69: 比热比系数 | E69: =E79/1.4 -> 0
A70: M | B70: 流体分子量 | C70: Kg/Kmol
A71: Tr | B71: 对比温度（T1/Tc）
A72: ty | B72: 标准条件下的绝对参比温度 | C72: K
A73: W | B73: 质量流量-气体 | C73: Kg/h
A74: χ | B74: 压差与入口绝对压力之比（ΔP/P1）
A75: χT | B75: 阻塞流条件下无附接管件的压差比系数 | C75: 实验确定
A76: χTP | B76: 阻塞流条件下有附接管件的压差比系数
A77: Y | B77: 膨胀系数
A78: Z | B78: 压缩系数
A79: γ | B79: 比热比
A80: Ci/d2
A81: ρ2 | B81: 气体密度传化计算 | C81: Nm3/m3
A82: ρ3 | B82: 双向流气体密度传化计算 | C82: Nm3/m3
A83: N1 | B83: 数字常数，Kv计算系数，见表1 （压力定位按KPa选取） | D83: 设计给定 | E83: 0.1
A84: N2 | D84: 设计给定 | E84: 0.0016
A85: N4 | D85: 设计给定 | E85: 0.0707
A86: N5 | D86: 设计给定 | E86: 0.0018
A87: N6 | D87: 设计给定 | E87: 3.16
A88: N8 | D88: 设计给定 | E88: 1.1
D89: 设计给定 | E89: 110
A90: N9 t=0℃ | D90: 设计给定 | E90: 24.6
A91: N9 t=15℃ | D91: 设计给定 | E91: 26
A92: N17 | D92: 设计给定 | E92: 0.00105
A93: N18 | D93: 设计给定 | E93: 0.865
A94: N19 | D94: 设计给定 | E94: 2.5
A95: N22 t=0℃ | D95: 设计给定 | E95: 17.3
A96: N22 t=15℃ | D96: 设计给定 | E96: 18.4
A97: N27 | D97: 设计给定 | E97: 0.775
D98: 设计给定 | E98: 77.5
A99: N32 | D99: 设计给定 | E99: 140
A100: N23 | D100: 设计给定 | E100: 19.6
...

Sheet 可压缩 (4)
A1: 符号 | B1: 名称 | C1: 单位 | D1: 公式 | E1: 结果
A2: 管道概况
A3: D1 | B3: 进口管道规格 | C3: mm | D3: 设计给定 | E3: 50 | F3: 需要做一个英寸和mm的对照表
A4: D1w | B4: 进口管道外径 | C4: mm | D4: 设计给定 | E4: 57
A5: D1T | B5: 进口管道壁厚 | C5: mm | D5: 设计给定 | E5: 3.5
A6: D2 | B6: 出口管道规格 | C6: mm | D6: 设计给定 | E6: 50
A7: D2w | B7: 出口管道外径 | C7: mm | D7: 设计给定 | E7: 57
A8: D2T | B8: 出口管道壁厚 | C8: mm | D8: 设计给定 | E8: 3.5
A9: 工艺参数
B10: 流体属性 | D10: 设计给定 | E10: 蒸汽
A11: T | B11: 介质温度 | D11: 设计给定 | E11: 250 | F11: 液体温度不能高于饱和温度，否则会报错
D12: 单位选择 | E12: ℃
A13: Q | B13: 气体、液体、蒸汽流量 | D13: 设计给定 | E13: 2000
D14: 单位选择 | E14: Kg/h
B15: 两相流气体或蒸汽流量换算 | D15: 设计给定
D16: 单位选择 | E16: Kg/h
A17: P1 | B17: 阀前压力 | C17: KPa | D17: 设计给定 | E17: 1000
A18: P2 | B18: 阀后压力 | C18: KPa | D18: 设计给定 | E18: 500
A19: ΔP | B19: 阀前后压差 | C19: KPa | D19: ΔP=P1-P2 | E19: =E17-E18 -> 500
A20: ρ | B20: 气体、液体、蒸汽、两相流液 体密度 | D20: 设计给定 | E20: 2.54
D21: 单位选择 | E21: Kg/m3
B22: 两相流气体（蒸汽） 密度 | D22: 设计给定
D23: 单位选择 | E23: Kg/m3
A24: ρ/ρ0 | B24: 相对密度（比重） | C24: 比重 | D24: ρ1/ρ0 | E24: =IF(OR(E10="液体",E10="两相流(液体+气体)",E10="两相流(液体+蒸汽)"),E186/1000,"")
A25: M | B25: 分子量 | C25: Kg/Kmol | D25: 气体计算用
A26: Z | B26: 压缩系数 | D26: 气体计算用 | E26: 1
A27: γ | B27: 比热比系数 | D27: 气体计算用，空气为1.4 | E27: 1.3
A28: 粘度 | B28: 运动粘度 v 动力粘度 u | D28: 粘度类型 | E28: 动力粘度 u
D29: 设计给定 | E29: 1 | F29: 未提供参数时，需要设置默认值，或含20℃的水1.005*10-6mPa.S
D30: 粘度单位 | E30: cP
A31: PC | B31: 绝对热力学临界压力 | C31: MPa | D31: 设计给定 | E31: 22.12
A32: Pr | B32: 对比压力 | D32: Pr=P1/Pc | E32: =E17/E31 -> 45.207957
A33: Pv | B33: 入口温度下液体蒸汽的绝对压力 | C33: KPa | D33: 设计给定 | E33: =E197 -> 3976.0037
A34: T1 | B34: 入口绝对温度 | C34: K | D34: T1=T+273.15 | E34: =IF(E12="℃",E11+273.15,IF(E12="K",E11)) -> 523.15
A35: t | B35: 液体饱和温度 | C35: ℃ | D35: 液体温度不能高于饱和温度，否则会报错 | E35: =E198 -> 179.8125
A36: 阀门参数
B37: 阀门类型 | D37: 设计给定 | E37: IQ10
B38: 阀芯结构 | D38: 设计给定 | E38: 标准型
A39: DN | B39: 口径 | C39: mm | D39: 设计给定 | E39: 50
A40: PN | B40: 压力等级 | C40: MPa/LB | D40: 设计给定 | E40: 1.6
A41: FL | B41: 压力恢复系数 | D41: 设计给定 | E41: 0.9 | F41: 需按不同的阀门类型，按不同开度给定FL值,需建数据库
A42: XT | B42: 压差比系数 | D42: 设计给定(气体计算用) | E42: 0.72 | F42: 需按不同的阀门类型，按不同开度给定XT值,需建数据库
B43: 流量特性 | D43: 设计给定 | E43: 等百分比
B44: 阀芯/阀座尺寸 | C44: mm | E44: 50
A45: R | B45: 固有可调比 | D45: 设计给定 | E45: 50
A46: Kv | B46: 流量系数 | D46: 设计给定 | E46: 40
A47: 计算结果
B48: 流体状态 | D48: 用于液体工况 | E48: =IF(E10="液体",E75,"")
A49: 计算Kv | B49: 计算Kv | E49: =E62 -> 13.661478
A50: L% | B50: 阀门开度 | C50: % | E50: =IF(E43="等百分比",E85,IF(E43="线性",E86,IF(E43="快开",E87,))) -> 72.538521
A51: V | B51: 进口流速 | C51: m/s
B52: 出口流速 | C52: m/s
A53: dBA | B53: 噪音 | C53: dBA(±5)
B54: 流阻系数 | E54: =(0.0504*0.785*E39*E39/E46)^2 -> 6.1144926
A55: 不可压缩流体（液体）Kv计算
A56: C1-1 | B56: ΔP<FL2(P1-FFPV)时，非阻塞流，无接管 | E56: =IF(OR(E10="液体",E10="两相流(液体+气体)",E10="两相流(液体+蒸汽)"),E177/E156*SQRT(E24/E19),"") | F56: =E56*1.158 -> #VALUE!
A57: C1-2 | B57: ΔP<[(FLP/FP)2(P1-FFPV)]时，非阻塞流，带接管 | E57: =IF(OR(E10="液体",E10="两相流(液体+气体)",E10="两相流(液体+蒸汽)"),E177/E156/E82*SQRT(E24/E19),"") | F57: =E57*1.158 -> #VALUE!
A58: C1-3 | B58: ΔP≥FL2(P1-FFPV)时，阻塞流 无接管 | E58: =IF(OR(E10="液体",E10="两相流(液体+气体)",E10="两相流(液体+蒸汽)"),E177/E156/E81*SQRT(E24/(E17-E84*E33)),"") | F58: =E58*1.158 -> #VALUE!
A59: C1-4 | B59: ΔP≥[(FLP/FP)2(P1-FFPV)]时，阻塞流，带接管 | E59: =IF(OR(E10="液体",E10="两相流(液体+气体)",E10="两相流(液体+蒸汽)"),E177/E156/E83*SQRT(E24/(E17-E84*E33)),"") | F59: =E59*1.158 -> #VALUE!
A60: C1-5 | B60: 非紊流（层流和过渡流）时 Rev<10000 | E60: =IF(OR(E10="液体",E10="两相流(液体+气体)",E10="两相流(液体+蒸汽)"),E177/E156/E137*SQRT(E24/E19),"") | F60: =E60*1.158 -> #VALUE!
B61: C1值判定 | C61: Kv | E61: =IF(AND(OR(E10="液体",E10="两相流(液体+蒸汽)",E10="两相流(液体+气体)"),E72="紊流",E110="N"),E56,IF(AND(OR(E10="液体",E10="两相流(液体+蒸汽)",E10="两相流(液体+气体)"),E110="N",E68="阻塞流"),E58,IF(AND(OR(E10="液体",E10="两相流(液体+蒸汽)",E10="两相流(液体+气体)"),E110="Y",E69="非阻塞流"),E57,IF(AND(OR(E10="液体",E10="两相流(液体+蒸汽)",E10="两相流(液体+气体)"),E110="Y",E69="阻塞流"),E59,IF(AND(OR(E10="液体",E10="两相流(液体+蒸汽)",E10="两相流(液体+气体)"),E72="非紊流"),E60,""))))) | F61: =E61*1.158 -> #VALUE!
A62: C | B62: 流量系数Kv | C62: Kv | E62: =IF(AND(E10="液体"),E61,IF(AND(E10="气体"),E95,IF(AND(E10="蒸汽"),E102,IF(AND(E10="液体"),E61,IF(AND(E10="两相流(液体+气体)"),E108,IF(AND(E10="两相流(液体+蒸汽)"),E108,"")))))) -> 13.661478
A63: Ci | B63: 用于反复计算的假定流量系数 | E63: =E62 -> 13.661478
A64: V | B64: 阀门出口流速 | C64: m/s | D64: 进口流速 | E64: =IF(E10="液体",E177/0.785/E111^2/3600*1000000,IF(E10="气体",E180/0.785/E111^2/3600*1000000,IF(E10="蒸汽",E182/0.785/E111^2/3600*1000000,IF(E10="两相流(液体+气体)",(E177+E184)/0.785/E111^2/3600*1000000,IF(E10="两相流(液体+蒸汽)",(E177+E182)/0.785/E111^2/3600*1000000,""))))) -> 111.45104
D65: 出口流速 | E65: =IF(E10="液体",E177/0.785/E111^2/3600*1000000,IF(E10="气体",E180/0.785/E111^2/3600*1000000,IF(E10="蒸汽",E182/0.785/E111^2/3600*1000000,IF(E10="两相流(液体+气体)",(E177+E184)/0.785/E111^2/3600*1000000,IF(E10="两相流(液体+蒸汽)",(E177+E182)/0.785/E111^2/3600*1000000,""))))) -> 111.45104
C66: Mach | D66: Mach=V/340 | E66: =E64/340 -> 0.32779717
A67: 流体状态
A68: 液体 | B68: ΔP<FL2(P1-FFPV)时，非阻塞流，无接管 | D68: ΔP<FL2(P1-FFPV) | E68: =IF(E19<E81^2*(E17-E84*E33),"非阻塞流","阻塞流") -> 阻塞流
B69: ΔP<[(FLP/FP)2(P1-FFPV)]时，非阻塞流，带接管 | D69: ΔP<[(FLP/FP)2(P1-FFPV)] | E69: =IF(E19<(E83/E82)^2*(E17-E84*E33),"非阻塞流","阻塞流") -> 阻塞流
B70: ΔP≥FL2(P1-FFPV)时，阻塞流 无接管 | D70: ΔP≥FL2(P1-FFPV) | E70: =IF(E19>=E81^2*(E17-E84*E33),"阻塞流","非阻塞流") -> 阻塞流
B71: ΔP≥[(FLP/FP)2(P1-FFPV)]时，阻塞流，带接管 | D71: ΔP≥[(FLP/FP)2(P1-FFPV)] | E71: =IF(E19>=(E83/E82)^2*(E17-E84*E33),"阻塞流","非阻塞流") -> 阻塞流
B72: 非紊流（层流和过渡流） | D72: Rev<10000 | E72: =IF(E139<10000,"非紊流","紊流") -> 非紊流
A73: Kc阀 | B73: 气蚀指数 | E73: =E81^2 -> 0.8649
A74: Kc计 | E74: =E19/(E17-E33) -> -0.16801055
E75: =IF(E74>0.4,"无气蚀",IF(0.4>E74>0.66,"初始气蚀",IF(0.66>E74>1,"空化",IF(E74<0.66,"闪蒸",)))) -> 初始气蚀
A76: 气体/蒸汽 | B76: X<Fγ*χT时，非阻塞流，无接管 | D76: X<Fγ*χT | E76: =IF(E149<E146*E150,"非阻塞流","阻塞流") -> 非阻塞流
B77: X<Fγ*χTP时，非阻塞流，带接管 | D77: X<Fγ*χTP | E77: =IF(E149<E146*E151,"非阻塞流","阻塞流") -> 非阻塞流
B78: X≥Fγ*χT时，阻塞流，无接管 | D78: X≥Fγ*χT | E78: =IF(E149>=E146*E150,"阻塞流","非阻塞流") -> 非阻塞流
B79: X≥Fγ*χTP时，阻塞流，带接管 | D79: X≥Fγ*χTP | E79: =IF(E149>=E146*E151,"阻塞流","非阻塞流") -> 非阻塞流
B80: 非紊流（层流和过渡流）时 | D80: Rev<10000 | E80: =IF(E139<10000,"非紊流","紊流") -> 非紊流
A81: FL | B81: 无附接管件控制阀的液体压力恢复系数 | D81: 设计给定 | E81: 0.93
A82: FP | B82: 管道几何形状系数 | E82: =1/SQRT(1+E132/E157*(E63/E111^2)^2) -> 1
A83: FLP | B83: 带附接管件控制阀的液体压力恢复系数和管道几何形状系数的复合系数 | E83: =E81/SQRT(1+E81^2/E157*E132*(E63/E111^2)^2) -> 0.93
A84: FF | B84: 液体临界压力比系数 | E84: =0.96-0.28*SQRT(E33/(E31*1000)) -> 0.84128958
A85: 开度计算 | B85: 等百 | C85: % | E85: =(1-LOG10(E88)/LOG10(E114))*100 -> 72.538521
B86: 线性 | C86: % | E86: =(E115-E88)/((E115-1)*E88)*100 -> 100
B87: 快开 | C87: % | E87: =(1-SQRT(E115*(E88-1)/((E115-1)*E88)))*100 -> 100
B88: m | E88: =E116/E62 -> 2.9279408
A89: 可压缩流体（气体）Kv
A90: C2-1 | B90: X<Fγ*χT时，非阻塞流，无接管 | E90: =IF(E10="气体",E179/(E163*E17*E152)*SQRT(22.4*E187*E153*E34/E149),"") | F90: =E90*1.158 -> #VALUE!
A91: C2-2 | B91: X<Fγ*χTp时，非阻塞流，带接管 | E91: =IF(E10="气体",E179/(E163*E82*E152*E17)*SQRT(22.4*E187*E153*E34/E149),"") | F91: =E91*1.158 -> #VALUE!
A92: C2-3 | B92: X≥Fγ*χT时，阻塞流，无接管 | E92: =IF(E10="气体",E179/(0.667*E163*E17)*SQRT(22.4*E187*E153*E34/(E150*E146)),"") | F92: =E92*1.158 -> #VALUE!
A93: C2-4 | B93: X≥Fγ*χTP时，阻塞流，带接管 | E93: =IF(E10="气体",E179/(0.667*E163*E17*E82)*SQRT(22.4*E187*E153*E34/(E146*E151)),"") | F93: =E93*1.158 -> #VALUE!
A94: C2-5 | B94: 非紊流（层流和过渡流）时 Rev<10000 | E94: =IF(E10="气体",E179/(E168*E137)*SQRT(22.4*E187*E34/(E19*(E17+E18))),"") | F94: =E94*1.158 -> #VALUE!
B95: C2值判定 | E95: =IF(AND(E10="气体",E110="N",E76="非阻塞流"),E90,IF(AND(E10="气体",E110="Y",E77="非阻塞流"),E91,IF(AND(E10="气体",E110="N",E78="阻塞流"),E92,IF(AND(E10="气体",E110="Y",E79="阻塞流"),E93,IF(AND(E10="气体",E80="非紊流"),E94,""))))) | F95: =E95*1.158 -> #VALUE!
A96: 可压缩流体（蒸汽）Kv
A97: C3-1 | B97: X<Fγ*χT时，非阻塞流，无接管 | E97: =IF(OR(E10="蒸汽"),E181/(E160*E154*SQRT(E149*E17*E188)),"") -> 13.661478 | F97: =E97*1.158 -> 15.819992
A98: C3-2 | B98: X<Fγ*χTP时，非阻塞流，带接管 | E98: =IF(OR(E10="蒸汽"),E181/(E160*E82*E154*SQRT(E149*E17*E188)),"") -> 13.661478 | F98: =E98*1.158 -> 15.819992
A99: C3-3 | B99: X≥Fγ*χT时，阻塞流，无接管 | E99: =IF(OR(E10="蒸汽"),E181/(0.667*E160*SQRT(E146*E150*E17*E188)),"") -> 23.026414 | F99: =E99*1.156 -> 26.618535
A100: C3-4 | B100: X≥Fγ*χTP时，阻塞流，带接管 | E100: =IF(OR(E10="蒸汽"),E181/(0.667*E82*E160*SQRT(E146*E151*E17*E188)),"") -> 23.026414 | F100: =E100*1.158 -> 26.664588 | H100: ;
...

Sheet Kv计算
A1: 编码 | B1: 符号 | C1: 名称 | D1: 结果
B2: 管道概况
A3: 1200001 | B3: D1 | C3: 进口管道规格 | E3: 需要做一个英寸和mm的对照表
A4: 1200002 | B4: D1w | C4: 进口管道外径
A5: 1200003 | B5: D1T | C5: 进口管道壁厚
A6: 1200004 | B6: D2 | C6: 出口管道规格
A7: 1200005 | B7: D2w | C7: 出口管道外径
A8: 1200006 | B8: D2T | C8: 出口管道壁厚
B9: 工艺参数
A10: 1200007 | C10: 流体属性 | D10: 液体
A11: 1000007 | B11: T | C11: 介质温度 | D11: 50 | E11: 液体温度不能高于饱和温度，否则会报错
A12: 1200008 | D12: ℃
A13: 1000009 | B13: Q | C13: 气体、液体、蒸汽流量 | D13: 100
A14: 1200010 | D14: m3/h
A15: 1000011 | C15: 两相流气体或蒸汽流量换算
A16: 1200012 | D16: Nm3/h
A17: 1000013 | B17: P1 | C17: 阀前压力 | D17: 2
A18: 1200014 | D18: MPa(G)
A19: 1000015 | B19: P2 | C19: 阀后压力 | D19: 0.1
A20: 1200014 | D20: =D18 -> MPa(G)
A21: 1000016 | B21: ΔP | C21: 阀前后压差 | D21: =D17-D19 -> 1.9
A22: 1200014 | D22: =D18 -> MPa(G)
A23: 1000017 | B23: ρ | C23: 气体、液体、蒸汽、两相流液 体密度 | D23: 988
A24: 1200018 | D24: Kg/m3
A25: 1000019 | C25: 两相流气体（蒸汽） 密度
A26: 1200018 | D26: Kg/Nm3
B27: ρ/ρ0 | C27: 相对密度（比重） | D27: =IF(OR(D10="液体",D10="两相流(液体+气体)",D10="两相流(液体+蒸汽)"),D192/1000,"") -> 0.988
A28: 1000021 | B28: M | C28: 分子量
A29: 1000022 | B29: Z | C29: 压缩系数 | D29: 1
A30: 1000023 | B30: γ | C30: 比热比系数 | D30: 1.4 | E30: 空气默认1.4
B31: 粘度 | C31: 运动粘度 v 动力粘度 u | D31: 粘度
A32: 1000025 | D32: 1 | E32: 未提供参数时，需要设置默认值，或含20℃的水1.005*10-6mPa.S
A33: 1200026 | D33: cP
A34: 1200027 | B34: PC | C34: 绝对热力学临界压力 | D34: 22.12 | E34: 水为22.12
B35: Pr | C35: 对比压力 | D35: =D200/D34 -> 94.936709
A36: 1000028 | B36: Pv | C36: 入口温度下液体蒸汽的绝对压力 | D36: =IF(D18="MPa(G)",(D209-100)/1000,IF(D18="MPa(A)",D209/1000,IF(D18="KPa(G)",D209-100,IF(D18="KPa(A)",D209,IF(D18="bar(G)",(D209-100)/100,IF(D18="bar(A)",D209/100,)))))) -> -0.087672305 | E36: 介质为水的时候自动计算，其它介质为输入项
B37: T1 | C37: 入口绝对温度 | D37: =IF(D12="℃",D211+273.15,IF(D12="K",D211,IF(D12="F",D211+273.15))) -> 323.15
A38: 1200029 | B38: t | C38: 液体饱和温度 | D38: =D210 -> 214.75249 | E38: 介质为水的时候自动计算，其它介质为输入项
B39: 阀门参数
A40: 1200030 | B40: DN | C40: 阀门口径 | D40: 150
A41: 1200031 | B41: dn | C41: 阀芯/阀座尺寸 | D41: 150
A42: 1200032 | B42: FL | C42: 压力恢复系数 | D42: 0.9 | E42: 需按不同的阀门类型，按不同开度给定FL值,需建数据库
A43: 1200033 | B43: XT | C43: 压差比系数 | D43: 0.72 | E43: 需按不同的阀门类型，按不同开度给定XT值,需建数据库
A44: 1200034 | B44: Fd | C44: 控制阀类型修正系数 | D44: 0.42 | E44: 按不同阀门类型自动生成
A45: 1200035 | C45: 流量特性 | D45: 等百分比
A46: 1200036 | B46: R | C46: 固有可调比 | D46: 50 | E46: 默认为50
A47: 9000097 | B47: Kv | C47: KV/CV切换 | D47: 额定Kv
A48: 1200037 | C48: KV/CV输入 | D48: 400
C49: 转化成Kv | D49: =IF(D47="额定Kv",D48,D48/1.156) -> 400 | E49: 自动生成，提供数据库
B50: 计算结果
A51: 1000038 | C51: 流体状态 | D51: =IFERROR(IF(AND(OR(D10="气体",D10="蒸汽"),D116="N"),D80,IF(AND(OR(D10="气体",D10="蒸汽"),D116="y"),D81,IF(AND(D10="液体",D211<D210),液体噪音计算!E3,""))),"") -> 空化
B52: 计算Kv | C52: 计算Kv | D52: =IFERROR(D66,"") -> 24.168241 | E52: =D52*1.156 -> 27.938486
A53: 1000039 | C53: KV/CV输出切换 | D53: =IF(D47="额定Kv",D52,D52*1.156) -> 24.168241
A54: 1000040 | B54: L% | C54: 阀门开度 | D54: =IFERROR(IF(D45="等百分比",D89,IF(D45="线性",D90,IF(D45="快开",D91,))),"") -> 28.261538
A55: 1000041 | B55: V | C55: 阀门出口流速 | D55: =IFERROR(IF(D10="液体",D181/0.785/3600/D117^2*1000000,IF(D10="气体",D185/0.785/3600/D117^2*1000000,IF(D10="蒸汽",D188/0.785/3600/D117^2*1000000,IF(D10="两相流(液体+气体)",(D181++D190)/0.785/3600/D117^2*1000000,IF(D10="两相流(液体+蒸汽)",(D181++D188)/0.785/3600/D117^2*1000000,""))))),"") -> 1.572698
A56: 1000042 | B56: dBA | C56: 噪音 | D56: =IFERROR(IF(OR(D10="气体",D10="蒸汽"),气体噪音计算!E2,IF(AND(D10="液体",D211<D210),液体噪音计算!E2,"")),"") -> 62.937961
A57: 1200043 | B57: ζ | C57: 流阻系数 | D57: =IFERROR((0.0504*0.785*D40*D40/D49)^2,"") -> 4.952739 | E57: =1/2*D198*D55*D55*D57 -> 6051.5 | F57: KPa
B58: 不可压缩流体（液体）Kv计算
B59: C1-1 | C59: ΔP<FL2(P1-FFPV)时，非阻塞流，无接管 | D59: =IF(OR(D10="液体",D10="两相流(液体+气体)",D10="两相流(液体+蒸汽)"),D181/D161*SQRT(D27/D202),"") -> 22.803509 | E59: =D59*1.156 -> 26.360856
B60: C1-2 | C60: ΔP<[(FLP/FP)2(P1-FFPV)]时，非阻塞流，带接管 | D60: =IF(OR(D10="液体",D10="两相流(液体+气体)",D10="两相流(液体+蒸汽)"),D181/D161/D86*SQRT(D27/D202),"") -> 22.803509 | E60: =D60*1.156 -> 26.360856
B61: C1-3 | C61: ΔP≥FL2(P1-FFPV)时，阻塞流 无接管 | D61: =IF(OR(D10="液体",D10="两相流(液体+气体)",D10="两相流(液体+蒸汽)"),D181/D161/D85*SQRT(D27/(D200-D88*D209)),"") -> 24.168241 | E61: =D61*1.156 -> 27.938486
B62: C1-4 | C62: ΔP≥[(FLP/FP)2(P1-FFPV)]时，阻塞流，带接管 | D62: =IF(OR(D10="液体",D10="两相流(液体+气体)",D10="两相流(液体+蒸汽)"),D181/D161/D87*SQRT(D27/(D200-D88*D209)),"") -> 24.168241 | E62: =D62*1.156 -> 27.938486
B63: C1-5 | C63: 非紊流（层流和过渡流）时 Rev<10000 | D63: =IF(OR(D10="液体",D10="两相流(液体+气体)",D10="两相流(液体+蒸汽)"),D181/D161/D143*SQRT(D27/D202),"") -> 22.803509 | E63: =D63*1.156 -> 26.360856
C64: C1值判定 | D64: =IF(AND(OR(D10="液体",D10="两相流(液体+蒸汽)",D10="两相流(液体+气体)"),D76="紊流",D72="非阻塞流",D116="N"),D59,IF(AND(OR(D10="液体",D10="两相流(液体+蒸汽)",D10="两相流(液体+气体)"),D116="N",D72="阻塞流"),D61,IF(AND(OR(D10="液体",D10="两相流(液体+蒸汽)",D10="两相流(液体+气体)"),D116="Y",D73="非阻塞流"),D60,IF(AND(OR(D10="液体",D10="两相流(液体+蒸汽)",D10="两相流(液体+气体)"),D116="Y",D73="阻塞流"),D62,IF(AND(OR(D10="液体",D10="两相流(液体+蒸汽)",D10="两相流(液体+气体)"),D76="非紊流"),D63,""))))) -> 24.168241 | E64: =D64*1.156 -> 27.938486
D65: =IF(D76="非紊流",D63,D64) -> 24.168241
B66: C | C66: 流量系数Kv | D66: =IF(AND(D10="液体"),D65,IF(AND(D10="气体"),D100,IF(AND(D10="蒸汽"),D108,IF(AND(D10="两相流(液体+气体)"),D114,IF(AND(D10="两相流(液体+蒸汽)"),D114,""))))) -> 24.168241
B67: Ci | C67: 用于反复计算的假定流量系数 | D67: =IF(AND(D10="液体",D72="非阻塞流"),D59,IF(AND(D10="液体",D72="阻塞流"),D61,IF(AND(D10="气体",D80="非阻塞流"),D94,IF(AND(D10="气体",D80="阻塞流"),D96,IF(AND(D10="蒸汽"),D102,IF(AND(D10="两相流(液体+气体)"),D114,IF(AND(D10="两相流(液体+蒸汽)"),D114,""))))))) -> 24.168241
B68: V | C68: 阀门出口流速 | D68: =IF(D10="液体",D181/0.785/D117^2/3600*1000000,IF(D10="气体",D184/0.785/D117^2/3600*1000000,IF(D10="蒸汽",D188/0.785/D117^2/3600*1000000,IF(D10="两相流(液体+气体)",(D181+D190)/0.785/D117^2/3600*1000000,IF(D10="两相流(液体+蒸汽)",(D181+D188)/0.785/D117^2/3600*1000000,""))))) -> 1.572698
D69: =IF(D10="液体",D181/0.785/D117^2/3600*1000000,IF(D10="气体",D184/0.785/D117^2/3600*1000000,IF(D10="蒸汽",D188/0.785/D117^2/3600*1000000,IF(D10="两相流(液体+气体)",(D181+D190)/0.785/D117^2/3600*1000000,IF(D10="两相流(液体+蒸汽)",(D181+D188)/0.785/D117^2/3600*1000000,""))))) -> 1.572698
D70: =D68/340 -> 0.0046255822
B71: 流体状态
B72: 液体 | C72: ΔP<FL2(P1-FFPV)时，非阻塞流，无接管 | D72: =IF(D202<D85^2*(D200-D88*D209),"非阻塞流","阻塞流") -> 阻塞流
C73: ΔP<[(FLP/FP)2(P1-FFPV)]时，非阻塞流，带接管 | D73: =IF(D202<(D87/D86)^2*(D200-D88*D209),"非阻塞流","阻塞流") -> 阻塞流
C74: ΔP≥FL2(P1-FFPV)时，阻塞流 无接管 | D74: =IF(D202>=D85^2*(D200-D88*D209),"阻塞流","非阻塞流") -> 阻塞流
C75: ΔP≥[(FLP/FP)2(P1-FFPV)]时，阻塞流，带接管 | D75: =IF(D202>=(D87/D86)^2*(D200-D88*D209),"阻塞流","非阻塞流") -> 阻塞流
C76: 非紊流（层流和过渡流） | D76: =IF(D145<10000,"非紊流","紊流") -> 紊流 | F76: 非紊流判定有问题
B77: Kc阀 | C77: 气蚀指数
B78: Kc计
B80: 气体/蒸汽 | C80: X<Fγ*χT时，非阻塞流，无接管 | D80: =IF(D154<D152*D155,"非阻塞流","阻塞流") -> 阻塞流
C81: X<Fγ*χTP时，非阻塞流，带接管 | D81: =IF(D154<D152*D156,"非阻塞流","阻塞流") -> 阻塞流
C82: X≥Fγ*χT时，阻塞流，无接管 | D82: =IF(D154>=D152*D155,"阻塞流","非阻塞流") -> 阻塞流
C83: X≥Fγ*χTP时，阻塞流，带接管 | D83: =IF(D154>=D152*D156,"阻塞流","非阻塞流") -> 阻塞流
C84: 非紊流（层流和过渡流）时 | D84: =IF(D145<10000,"非紊流","紊流") -> 紊流
B85: FL | C85: 无附接管件控制阀的液体压力恢复系数 | D85: =D42 -> 0.9
B86: FP | C86: 管道几何形状系数 | D86: =1/SQRT(1+D138/D162*(D67/D117^2)^2) -> 1
B87: FLP | C87: 带附接管件控制阀的液体压力恢复系数和管道几何形状系数的复合系数 | D87: =D85/SQRT(1+D85^2/D162*D138*(D67/D117^2)^2) -> 0.9
B88: FF | C88: 液体临界压力比系数 | D88: =0.96-0.28*SQRT(D209/(D34*1000)) -> 0.95338992
B89: 开度计算 | C89: 等百 | D89: =IFERROR((1-LOG10(D92)/LOG10(D120))*100,"") -> 28.261538
C90: 线性 | D90: =IFERROR((D121-D92)/((D121-1)*D92)*100,"")
C91: 快开 | D91: =IFERROR((1-SQRT(D121*(D92-1)/((D121-1)*D92)))*100,"")
C92: m | D92: =D122/D66 -> 16.550646
B93: 可压缩流体（气体）Kv
B94: C2-1 | C94: X<Fγ*χT时，非阻塞流，无接管 | D94: =IF(D10="气体",D183/(D168*D200*D157)*SQRT(22.4*D193*D158*D37/D154),"")
B95: C2-2 | C95: X<Fγ*χTp时，非阻塞流，带接管 | D95: =IF(D10="气体",D183/(D168*D86*D157*D200)*SQRT(22.4*D193*D158*D37/D154),"")
B96: C2-3 | C96: X≥Fγ*χT时，阻塞流，无接管 | D96: =IF(D10="气体",D183/(0.667*D168*D200)*SQRT(22.4*D193*D158*D37/(D155*D152)),"")
B97: C2-4 | C97: X≥Fγ*χTP时，阻塞流，带接管 | D97: =IF(D10="气体",D183/(0.667*D168*D200*D86)*SQRT(22.4*D193*D158*D37/(D152*D156)),"")
B98: C2-5 | C98: 非紊流（层流和过渡流）时 Rev<10000 | D98: =IF(D10="气体",D183/(D173*D143)*SQRT(22.4*D193*D37/(D21*(D200+D201))),"")
C99: C2值判定 | D99: =IF(AND(D10="气体",D116="N",D80="非阻塞流"),D94,IF(AND(D10="气体",D116="Y",D81="非阻塞流"),D95,IF(AND(D10="气体",D116="N",D82="阻塞流"),D96,IF(AND(D10="气体",D116="Y",D83="阻塞流"),D97,IF(AND(D10="气体",D84="非紊流"),D98,""))))) | F99: 非紊流判定有问题
D100: =IF(D84="非紊流",D98,D99)
B101: 可压缩流体（蒸汽）Kv
...

Sheet 气体噪音计算
A1: 符号 | B1: 名称 | C1: 单位 | D1: 公式 | E1: 结果
A2: 输出结果 | B2: 距离阀门1m处噪音 | C2: dBA | E2: =IF(E85<0.3,E98+10,E122-10) -> #NUM!
A3: 输入参数 | G3: `
A4: A | B4: 单流体面积 | C4: m2 | D4: 设计给定 | E4: 0.00137 | F4: 需要数据库，重要参数
A5: An | B5: 给定行程下n级的多级降压阀内件的最后一级的总流通面积 | C5: m2 | D5: 设计给定 | E5: =6.44*10^-3 -> 0.00644 | F5: 需要数据库，重要参数
A6: C | B6: 流量系数（计算Kv） | C6: Kv | D6: 设计给定 | E6: =Kv计算!D52 -> 24.168241
A7: D | B7: 阀门出口直径 | C7: m | D7: 设计给定 | E7: =Kv计算!D40/1000 -> 0.15
A8: d | B8: 流路直径（非圆截面则用dH）打孔直径 | C8: m | D8: 设计给定 | E8: 0.003 | F8: 需要数据库，重要参数
A9: di | B9: 阀门出口内径或渐缩管进口内径的较小值 | C9: m | D9: 设计给定 | E9: =E7 -> 0.15
A10: Di | B10: 下游管道内径 | C10: m | D10: 设计给定 | E10: =Kv计算!D126/1000 -> 0.15
A11: FL | B11: 液体压力恢复系数 | C11: 无量纲 | D11: 设计给定 | E11: =Kv计算!D42 -> 0.9
A12: FLn | B12: 低噪音阀内件最后一级的液体压力恢复系数 | C12: 无量纲 | D12: 设计给定
A13: FLp | B13: 带附接管件控制阀的液体压力恢复系数和管道 几何形状系数的复合系数 | C13: 无量纲 | D13: 设计给定 | E13: =Kv计算!D87 -> 0.9
A14: Fp | B14: 管道几何形状系数 | C14: 无量纲 | D14: 设计给定 | E14: =Kv计算!D86 -> 1
A15: l | B15: 径向流路的长度 （阀笼壁厚） | C15: m | D15: 设计给定 | E15: 0.03 | F15: 需要数据库，重要参数
A16: lw | B16: 单流路湿周 （周长） | C16: m | D16: 设计给定 | E16: 0.181 | F16: 需要数据库，重要参数
A17: M | B17: 流体分子质量 | C17: Kg/kmol | D17: 设计给定 | E17: 19.8 | F17: 需要数据库，重要参数
A18: m | B18: 质量流量 | C18: Kg/s | D18: 设计给定 | E18: =IF(Kv计算!D10="气体",Kv计算!D186/3600,IF(Kv计算!D10="蒸汽",Kv计算!D187/3600,)) -> 0
A19: ms | B19: 声速时的质量流量 | C19: Kg/s | D19: 设计给定
A20: N14 | B20: 数字常数 | C20: 无量纲 | D20: 设计给定 | E20: 0.0049
A21: N16 | B21: 数字常数 | C21: 无量纲 | D21: 设计给定 | E21: 42300
A22: No | B22: 阀内件上互相独立且完全相等的流路数 | C22: Pa(A) | D22: 设计给定 | E22: 6 | F22: 需要数据库，重要参数
A23: Pa | B23: 管道外实际大气压 | C23: Pa(A) | D23: 设计给定 | E23: 101325
A24: Po | B24: 参比声压=2x10-5（注5） | C24: Pa(A) | D24: 设计给定 | E24: 2e-05
A25: Ps | B25: 标准大气压 | C25: Pa(A) | D25: 设计给定 | E25: 101325
A26: P1 | B26: 阀入口绝对压力 | C26: Pa(A) | D26: 设计给定 | E26: =Kv计算!D200*1000 -> 2100000
A27: P2 | B27: 阀出口绝对压力 | C27: Pa(A) | D27: 设计给定 | E27: =Kv计算!D201*1000 -> 200000
A28: R | B28: 气体常数8314 | C28: J/kmol.K | D28: 设计给定 | E28: 8314
A29: Tn | B29: n级的多级降压阀内件的最后一级的绝对温度 | C29: K
A30: T1 | B30: 入口绝对温度 | C30: K | D30: 设计给定 | E30: =Kv计算!D37 -> 323.15
A31: T2 | B31: 出口绝对温度 | C31: K | D31: 设计给定 | E31: =E30 -> 323.15
A32: tp | B32: 管道壁厚 | C32: m | D32: 设计给定 | E32: =Kv计算!D130/1000 -> 0.00711
A33: Wo | B33: 参比声功率=10-12（见注5） | C33: W | E33: 1e-12
A34: β | B34: 阀出口或渐扩管入口收缩系数 | C34: 无量纲 | D34: 设计给定 | E34: 0.93
A35: γ | B35: 比热比 | C35: 无量纲 | D35: 设计给定 | E35: =Kv计算!D30 -> 1.4
A36: ρ1 | B36: P1和T1时流体密度 | C36: Kg/m3 | D36: 设计给定 | E36: =Kv计算!D198 -> 988
A37: Φ | B37: 相对流量系数 | C37: 无量纲 | D37: 设计给定 | E37: =IF(Kv计算!D10="气体",Kv计算!D54,"")
A38: 公用计算部分 | D38: 阀内件形式 | E38: 标准型
A39: Pvc | B39: 亚音速流条件下缩流断面的绝对压力 | C39: Pa(A) | E39: =E26-(E26-E27)/E11^2 -> -245679.01
A40: Pvcc | B40: 临界流条件下缩流断面的绝对压力 | C40: Pa(A) | E40: =E26*(2/(E35+1))^(E35/(E35-1)) -> 1109391.8
A41: P2C | B41: 临界状态下阀门出口的绝对压力 | C41: Pa(A) | E41: =E26-E11^2*(E26-E40) -> 1297607.3
A42: α | B42: 恢复修正系数 | C42: 无量纲 | E42: =E40/E41 -> 0.85495183
A43: P2B | B43: 断点处阀出口绝对压力 | C43: Pa(A) | E43: =E26/E42*(1/E35)^(E35/(E35-1)) -> 756535.87
A44: P2CE | B44: 声效系数开始为常数时阀出口绝对压力 | C44: Pa(A) | E44: =E26/22/E42 -> 111649.03 | G44: 湿周指周长
A45: Fd | B45: 阀门类型修正系数 | C45: 无量纲 | D45: 设计给定 | E45: =Kv计算!D132 -> 0.42 | F45: 需要数据库，重要参数
A46: dH | B46: 单流路水力直径 | C46: m | D46: 设计给定 | E46: =Kv计算!D134 -> 3.620618
A47: d0 | B47: 圆节流孔直径，其面积等于给定行程下所有流路面积之和 | C47: m | D47: 设计给定 | E47: =Kv计算!D135 -> 23.304349
A48: Dj | B48: 缩流断面射流直径 | C48: m | E48: =IF(E38="标准型",E20*E45*SQRT(E6*E11),E20*E45*SQRT(E101*E11)) -> 0.0095981856
A49: rw | B49: 声功率比（见表3） | C49: 无量纲 | E49: 0.25 | F49: 按阀门类型选择
A50: 状态I | D50: P2≥P2C时 | E50: =IF(E27>=E41,"是","否") -> 否
A51: Uvc | B51: 亚音速流条件下缩流断面速度 | C51: m/s | E51: =SQRT(2*(E35/(E35-1))*(1-(E39/E26)^((E35-1)/E35))*E26/E36) -> #NUM!
A52: Wm | B52: 质量流量流动功率 | C52: W | E52: =E18*E51^2/2 -> #NUM!
A53: Tvc | B53: 亚音速流条件下缩流断面绝对温度 | C53: K | E53: =E30*(E39/E26)^((E35-1)/E35) -> #NUM!
A54: Cvc | B54: 亚音速流条件下缩流断面的声速 | C54: m/s | E54: =SQRT(E35*E28*E53/E17) -> #NUM!
A55: Mvc | B55: 减缩断面马赫数 | C55: 无量纲 | E55: =E51/E54 -> #NUM!
A56: η | B56: 声效系数（见注2） | C56: 无量纲 | E56: =10^-4*E55^3.6 -> #NUM!
A57: Wa | B57: 声功率 | C57: W | E57: =E56*E49*E52*E11^2 -> #NUM!
A58: Lwi | B58: 总内部声功率级 | C58: dBA | E58: =10*LOG10(E57/E33) -> #NUM!
A59: fp | B59: 产生的峰频率 | C59: Hz | E59: =0.2*E51/E48 -> #NUM!
A60: 状态II到V（通用计算）
A61: Tvcc | B61: 临界流条件下缩流断面绝对温度 | C61: K | E61: =2*E30/(1+E35) -> 269.29167
A62: Cvcc | B62: 临界流条件下缩流断面的声速 | C62: m/s | E62: =SQRT(E35*E28*E61/E17) -> 397.87613
A63: Wms | B63: 声速下质量流量流动功率 | C63: W | E63: =E18*E62^2/2 -> 0
A64: Mj | B64: 状态II到状态IV时的自由膨胀射流马赫数 | C64: 无量纲 | E64: =SQRT(2/(E35-1)*((E26/(E42*E27))^((E35-1)/E35)-1)) -> 2.2885055
A65: 状态II | D65: P2C>P2≥PVCC时 | E65: =IF(AND(E27<E41,E27>=E40),"是","否") -> 否
A66: η2 | B66: 声效系数（见注2） | C66: 无量纲 | E66: =10^-4*E64^(6.6*E11^2) -> 0.0083592008
A67: Wa | B67: 声功率 | C67: W | E67: =E66*E49*E63*(E26-E27)/(E26-E40) -> 0
A68: fp | B68: 产生的峰频率 | C68: Hz | E68: =0.2*E64*E62/E48 -> 18973.205
A69: 状态III | D69: PVCC>P2≥P2B时 | E69: =IF(AND(E27>=E43,E27<E40),"是","否") -> 否
A70: η3 | B70: 声效系数（见注2） | C70: 无量纲 | E70: =10^-4*E64^(6.6*E11^2) -> 0.0083592008
A71: Wa | B71: 声功率 | C71: W | E71: =E70*E49*E63 -> 0
A72: fp | B72: 产生的峰频率 | C72: Hz | E72: =0.2*E64*E62/E48 -> 18973.205
A73: 状态IV | D73: P2B>P2≥P2CE时 | E73: =IF(AND(E27>=E44,E27<E43),"是","否") -> 是
A74: η4 | B74: 声效系数（见注2） | C74: 无量纲 | E74: =10^-4*E64^2/2*SQRT(2)^(6.6*E11^2) -> 0.0016700409
A75: Wa | B75: 声功率 | C75: W | E75: =E74*E49*E63 -> 0
A76: fp | B76: 产生的峰频率 | C76: Hz | E76: =0.35*E62/(1.25*E48*SQRT(E64^2-1)) -> 5638.6399
A77: 状态V | D77: P2CE>P2时 | E77: =IF(AND(E27<E44),"是","否") -> 否
A78: Mj5 | B78: 状态V时的自由膨胀射流马赫数 | C78: 无量纲 | E78: =SQRT(2/(E35-1)*(22^((E35-1)/E35)-1)) -> 2.6631918
A79: η5 | B79: 声效系数（见注2） | C79: 无量纲 | E79: =10^-4*E78^2/2*SQRT(2)^(6.6*E11^2) -> 0.0022616639
A80: Wa | B80: 声功率 | C80: W | E80: =E79*E49*E63 -> 0
A81: fp | B81: 产生的峰频率 | C81: Hz | E81: =0.35*E62/(1.25*E48*SQRT(E78^2-1)) -> 4702.359
A82: 噪音计算
A83: ρ2 | B83: P2和T2时流体密度 | C83: Kg/m3 | E83: =E36*E27/E26 -> 94.095238
A84: C2 | B84: 下游声速 | C84: m/s | E84: =SQRT(E35*E28*E31/E17) -> 435.85147
A85: M0 | B85: 阀出口马赫数 | C85: 无量纲 | E85: =4*E18/(3.14*E7^2*E83*E84) -> 0
A86: Wa | B86: 状态I~V取值判定 | D86: Wa 判定 | E86: =IF(E50="是",E57,IF(E65="是",E67,IF(E69="是",E71,IF(E73="是",E75,IF(E77="是",E80))))) -> 0
A87: fp | D87: fp 判定 | E87: =IF(E38="多级降压",E110,IF(E50="是",E59,IF(E65="是",E68,IF(E69="是",E72,IF(E73="是",E76,IF(E77="是",E81,IF(E73="是",E76))))))) -> 5638.6399
A88: Lpi | B88: 管壁上内部声压级（见5.6） | C88: dBA | E88: =10*LOG10(3.2*10^9*E86*E83*E84/E10^2) -> #NUM!
A89: TL | B89: 传播损失 | C89: dB | E89: =10*LOG10((7.6*10^-7)*(E84/(E32*E87))^2*E93/((E83*E84/(415*E94))+1)*(E23/E25)) -> -87.670743
A90: fr | B90: 环形频率 | C90: Hz | E90: =5000/3.14/E10 -> 10615.711
A91: f0 | B91: 内部管道重合频率 | C91: Hz | E91: =E90/4*E84/343 -> 3372.3567
A92: fg | B92: 外部重合频率 | C92: Hz | E92: =343^2*SQRT(3)/5000/3.14/E32 -> 1825.4907
A93: Gx | B93: 频率系数（见表4） | C93: 无量纲 | D93: 设计给定 | E93: =1.9*10^-3 -> 0.0019 | F93: =IF(E87<E91,(E91/E90)^(2/3)*(E87/E91)^4,IF(AND(E87>=E91,E87<E90),(E87/E90)^0.5,"1")) -> 0.72880716
A94: Gy | B94: 频率系数（见表4） | C94: 无量纲 | D94: 设计给定 | E94: =IF(AND(E87<E91,E91<E92),E91/E92,IF(AND(E87<E91,E91>E92),"1",IF(AND(E87>=E91,E87<E92),E87/E92,"1"))) -> 1
A95: Lg | B95: 马赫数修正值 | C95: dBA | E95: =16*LOG10(1/(1-E96)) -> 0
A96: M2 | B96: 下游管道马赫数 | C96: 无量纲 | E96: =IF(G96>1,0.8,G96) -> 0 | F96: 不能大于1，否则报错 | G96: =4*E18/(3.14*E10^2*E83*E84) -> 0
A97: Lpae | B97: 管道外A加权声压级 | C97: dBA | E97: =5+E88+E89+E95 -> #NUM!
A98: LpAe，1m | B98: 管壁外A加权声压级 | C98: dBA | E98: =E97-10*LOG10((E10+2*E32+2)/(E10+2*E32)) -> #NUM!
A99: 带降噪功能的阀门(多级降压调节阀)
A100: Dj | B100: 缩流断面射流直径 | C100: m | E100: =E20*E45*SQRT(E6*(0.9-0.06*(E15/E8))) -> 0.0055415151
...

Sheet 液体噪音计算
A1: 符号 | B1: 项目名称 | C1: 单位 | D1: 公式 | E1: 结果
B2: 输出结果 | C2: dBA（±5） | D2: 距离阀门1m处噪音值 | E2: =IF(E3="闪蒸","",E69) -> 62.937961
B3: 流体状态 | E3: =IF(E28<=E37,"无气蚀",IF(AND(E37<E28,E28<=E29),"初始气蚀",IF(AND(E28>E29,E28<=1),"空化",IF(E28>1,"闪蒸")))) -> 空化
A4: 阀门
D5: 阀内件形式 | E5: 标准型
A6: Kv | B6: 所需流量系数(计算Cv) | D6: 设计给定 | E6: =Kv计算!D52 -> 24.168241
A7: m | B7: 质量流量 | C7: kg/s | D7: 设计给定 | E7: =Kv计算!D182/3600 -> 27.444444
A8: P1 | B8: 阀门入口绝对压力 | C8: Pa(A) | D8: 设计给定 | E8: =Kv计算!D200*1000 -> 2100000
A9: P2 | B9: 阀门出口绝对压力 | C9: Pa(A) | D9: 设计给定 | E9: =Kv计算!D201*1000 -> 200000
A10: d | B10: 阀入口内径 | C10: m | D10: 设计给定 | E10: =Kv计算!D40/1000 -> 0.15
A11: d0 | B11: 阀座直径 | C11: m | D11: 设计给定 | E11: =Kv计算!D118/1000 -> 0.15
A12: dH | B12: 小孔直径 | C12: m | D12: 设计给定 | E12: 0.003 | F12: 需要数据库
A13: No | B13: 小孔数量 | C13: 个 | D13: 设计给定 | E13: 120
A14: FL | B14: 压力恢复系数 | D14: 设计给定 | E14: 0.9
A15: Fd | B15: 阀门修正系数 | D15: 设计给定 | E15: =Kv计算!D132 -> 0.42 | F15: 补充计算方法
A16: 管道
A17: Di | B17: 下游管道内径 | C17: m | D17: 设计给定 | E17: =Kv计算!D128/1000 -> 0.1683
A18: tp | B18: 管壁厚度 | C18: m | D18: 设计给定 | E18: =Kv计算!D130/1000 -> 0.00711
A19: ρp | B19: 钢材的密度 | C19: kg/m³ | D19: 设计给定 | E19: 7800
A20: cp | B20: 管壁上纵向波的声速 | C20: m/s | D20: 设计给定 | E20: 5000
A21: 其他
A22: ρL | B22: 液体密度 | C22: kg/m³ | D22: 设计给定 | E22: =Kv计算!D192 -> 988
A23: Pv | B23: 液体蒸气压 | C23: Pa(A) | D23: 设计给定 | E23: =Kv计算!D209*1000 -> 12327.695
A24: cL | B24: 液体中声速 | C24: m/s | D24: 设计给定 | E24: 1400
A25: ρ0 | B25: 空气密度 | C25: kg/m³ | D25: 设计给定 | E25: 1.293
A26: c0 | B26: 空气中声速 | C26: m/s | D26: 设计给定 | E26: 343
A27: 计算
A28: xF | B28: 压差比 | E28: =(E8-E9)/(E8-E23) -> 0.91010452
A29: XFid | D29: 设计给点 | E29: =E14^2 -> 0.81
A30: △Pc | B30: Uvc压差(取两者小值) | C30: Pa(A) | E30: =E28*(E8-E23) -> 1900000
E31: =E14^2*(E8-E23) -> 1691014.6
D32: △Pc取最小值 | E32: =MIN(E30:E31) -> 1691014.6
A33: N34 | D33: 设计给定 | E33: 1
A34: N14 | D34: 设计给定 | E34: 0.0049
A35: xFz | B35: 初生空化噪声压差比 用于多级阀之外的模型 | E35: =0.9/SQRT(1+3*E15*SQRT(E6/(E33*E14))) -> 0.32799178
B36: 初生空化噪声压差比 用于多级阀的模型 | E36: =1/SQRT(4.5+1650*E13*E12^2/E14) -> 0.3928371
D37: 结果判定 | E37: =IF(E5="标准型",E35,IF(E5="多级降压",E36)) -> 0.32799178
A38: xFzp1 | B38: 修正入口压力的压差比 | E38: =E37*(6*10^5/E8)^0.125 -> 0.28044936
A39: Dj | B39: 射流直径 | C39: m | E39: =E34*E15*(E6*E14)^0.5 -> 0.0095981856
A40: Uvc | B40: 缩流断面处流速 | C40: m/s | E40: =1/E14*((2*E32)/E22)^0.5 -> 65.008133
A41: Wm | B41: 机械功率 | C41: W | E41: =E7*E40^2*E14^2/2 -> 46972.627
B42: 流动条件判定 | D42: xFzp1<XF<1 | E42: =IF(AND(E38<E28,E28<=1),"空化","紊流") -> 空化
A43: Aη | B43: 阀门声学校正系数 | D43: 见表2 根据阀门形式选取 | E43: -4.6
A44: ηturb | B44: 声效系数(紊流) | E44: =10^E43*(E40/E24) -> 1.1663789e-06
A45: ηcav | B45: 声效系数(空化流) | E45: =IF(E42="空化",0.32*E44*SQRT((E8-E9)/E32)*EXP(5*E38)*((1-E38)/(1-E28))^0.5*(E28/E38)^5*(E28-E38)^1.5,"") -> 0.00081805178
A46: rw | B46: 声功率比 | D46: 设计给定 | E46: 0.25
A47: Wa | B47: 声功率（紊流） | C47: W | E47: =IF(E42="紊流",E44*E41,"")
B48: 声功率（空化区域） | C48: W | E48: =IF(E42="空化",(E44+E45)*E41*E46,"") -> 9.6202073
D49: Wa值判定 | E49: =IF(E42="紊流",E47,E48) -> 9.6202073
A50: Lpi | B50: 内部声压级 | C50: dB | E50: =10*LOG10(3.2*10^9*E49*E22*E24/E17^2) -> 181.77051
A51: Nstr | B51: 射流的斯德鲁哈尔数 | E51: =0.036*E14^2*E6*E15^0.75/(E33*E38^1.5*E10*E11)*(1/(E8-E23))^0.57 -> 0.027497791
A52: fp,turb | B52: 峰值频率（紊流） | C52: Hz | E52: =E51*E40/E39 -> 186.24145
A53: fp,cav | B53: 峰值频率（空化流） | C53: Hz | E53: =IF(E42="空化",6*E52*((1-E28)/(1-E38))^2*(E38/E28)^2.5,"") -> 0.91936622
A54: fr | B54: 环形频率 | C54: Hz | E54: =E20/(PI()*E17) -> 9456.6217
A55: TLfr | B55: 环形频率最小传播损失 | C55: dB | E55: =-10-10*LOG10(E20*E19*E18/(E26*E25*E17)) -> -45.699574
A56: △TLfp,turb | B56: 修正fp,turb的传播损失 | C56: dB | E56: =-20*LOG10(E54/E52+(E52/E54)^1.5) -> -34.113666
A57: TLturb | B57: 紊流的总传播损失 | C57: dB | E57: =E56+E55 -> -79.813241
A58: Lpe，1m | B58: 外部声压级（紊流） | C58: dBA | E58: =IF(E42="紊流",E50+E57-10*LOG10((E17+2*E18+2)/(E17+2*E18)),"")
A59: TLcav | B59: 总传播损失（空化流） | C59: dB | E59: =IF(E42="空化",E57+10*LOG10(250*(E53^1.5/E52^2)*(E45/(E44+E45))),"") -> -101.78923
A60: LpAe，1m | B60: 外部声压级（空化） | C60: dBA | E60: =IF(E42="空化",E50+E59-10*LOG10((E17+2*E18+2)/(E17+2*E18)),"") -> 69.204807
A61: fi | C61: Hz | E61: 8000 | F61: 怎么确定
A62: Fturb(fi) | B62: 频率分布函数（紊流） | C62: dB | E62: =-10*LOG10(0.25*(E61/E52)^3+(E61/E52)^-1)-3.1 -> -46.069814
A63: Fcav(fi) | B63: 频率分布函数（空化流） | C63: dB | E63: =IF(E42="空化",-10*LOG10(0.25*(E61/E53)^1.5+(E61/E53)^-1.5)-3.5,"") -> -56.573422
A64: Lpi,(fi) | B64: fi的内部声压级（紊流） | C64: dB | E64: =E50+E62 -> 135.7007
B65: fi的内部声压级（空化流） | C65: dB | E65: =IF(E42="空化",E50+10*LOG10((E44/(E44+E45))*10^(0.1*E62)+(E45/(E44+E45))*10^(0.1*E63)),"") -> 125.25989
D66: Lpi,(fi)值判定 | E66: =IF(E42="紊流",E64,E65) -> 125.25989
A67: △TL(fi) | B67: 修正fi的传播损失 | C67: dB | E67: =-20*LOG10(E54/E61+(E61/E54)^1.5) -> -5.8458735
A68: TL(fi) | B68: 频率fi时的传播损失 | C68: dB | E68: =E55+E67 -> -51.545448
A69: Lpe,1m(fi) | B69: 频率fi时的外部声压级 | C69: dB | E69: =E66+E68-10*LOG10((E17+2*E18+2)/(E17+2*E18)) -> 62.937961

Sheet 管道规格表
A1: 管道规格表
A2: 通径 | C2: 外径 | E2: SCH壁厚等级
A3: 英制 | B3: 公制 | C3: 英制 | D3: 公制 | E3: 10 | F3: 20 | G3: 30 | H3: 40 | I3: 60 | J3: 80 | K3: 100 | L3: 120 | M3: 140 | N3: 160 | O3: STD | P3: XS | Q3: XXS | R3: 5S | S3: 10S | T3: 20S | U3: 40S | V3: 80S
A4: 1/8 | B4: 6 | C4: 10.3 | H4: 1.73 | J4: 2.41 | O4: 1.73 | P4: 2.41 | S4: 1.24 | U4: 1.73 | V4: 2.41
A5: 1/4 | B5: 8 | C5: 13.7 | H5: 2.24 | J5: 3.02 | O5: 2.24 | P5: 3.02 | S5: 1.65 | U5: 2.24 | V5: 3.02
A6: 3/8 | B6: 10 | C6: 17.2 | D6: 14 | H6: 2.31 | J6: 3.32 | O6: 2.31 | P6: 3.32 | S6: 1.65 | T6: 2 | U6: 2.31 | V6: 3.2
A7: 1/2 | B7: 15 | C7: 21.3 | D7: 18 | H7: 2.77 | J7: 3.73 | N7: 4.78 | O7: 2.77 | P7: 3.73 | Q7: 7.47 | R7: 1.65 | S7: 2.11 | T7: 2.5 | U7: 2.77 | V7: 3.73
A8: 3/4 | B8: 20 | C8: 26.9 | D8: 25 | H8: 2.87 | J8: 3.91 | N8: 5.56 | O8: 2.87 | P8: 3.91 | Q8: 7.82 | R8: 1.65 | S8: 2.11 | T8: 2.5 | U8: 2.87 | V8: 3.91
A9: 1 | B9: 25 | C9: 33.7 | D9: 32 | H9: 3.38 | J9: 4.55 | N9: 6.35 | O9: 3.38 | P9: 4.55 | Q9: 9.09 | R9: 1.65 | S9: 2.77 | T9: 3 | U9: 3.38 | V9: 4.55
A10: 1-1/4 | B10: 32 | C10: 42.4 | D10: 38 | H10: 3.56 | J10: 4.85 | N10: 6.35 | O10: 3.56 | P10: 4.85 | Q10: 9.7 | R10: 1.65 | S10: 2.77 | T10: 3 | U10: 3.56 | V10: 4.85
A11: 1-1/2 | B11: 40 | C11: 48.3 | D11: 45 | H11: 3.68 | J11: 5.08 | N11: 7.14 | O11: 3.68 | P11: 5.08 | Q11: 10.15 | R11: 1.65 | S11: 2.77 | T11: 3 | U11: 3.68 | V11: 5.08
A12: 2 | B12: 50 | C12: 60.3 | D12: 57 | H12: 3.91 | J12: 5.54 | N12: 8.74 | O12: 3.91 | P12: 5.54 | Q12: 11.07 | R12: 1.65 | S12: 2.77 | T12: 3.5 | U12: 3.91 | V12: 5.54
A13: 2-1/2 | B13: 65 | C13: 76.1 | D13: 76 | H13: 5.16 | J13: 7.01 | N13: 9.53 | O13: 5.16 | P13: 7.01 | Q13: 14.02 | R13: 2.11 | S13: 3.05 | T13: 3.5 | U13: 5.16 | V13: 7.01
A14: 3 | B14: 80 | C14: 88.9 | D14: 89 | H14: 5.49 | J14: 7.62 | N14: 11.13 | O14: 5.49 | P14: 7.62 | Q14: 15.24 | R14: 2.11 | S14: 3.05 | T14: 4 | U14: 5.49 | V14: 7.62
A15: 3-1/2 | B15: 90 | C15: 101.6 | D15: - | H15: 5.74 | J15: 8.08 | O15: 5.74 | P15: 8.08 | R15: 2.11 | S15: 3.05 | U15: 5.74 | V15: 8.08
A16: 4 | B16: 100 | C16: 114.3 | D16: 108 | H16: 6.02 | J16: 8.56 | L16: 11.13 | N16: 13.49 | O16: 6.02 | P16: 8.56 | Q16: 17.12 | R16: 2.11 | S16: 3.05 | T16: 4 | U16: 6.02 | V16: 8.56
A17: 5 | B17: 125 | C17: 139.7 | D17: 133 | H17: 6.55 | J17: 9.53 | L17: 12.7 | N17: 15.88 | O17: 6.55 | P17: 9.53 | Q17: 19.05 | R17: 2.77 | S17: 3.4 | T17: 5 | U17: 6.55 | V17: 9.53
A18: 6 | B18: 150 | C18: 168.3 | D18: 159 | H18: 7.11 | J18: 10.97 | L18: 14.27 | N18: 18.26 | O18: 7.11 | P18: 10.97 | Q18: 21.95 | R18: 2.77 | S18: 3.4 | T18: 5 | U18: 7.11 | V18: 10.97
A19: 8 | B19: 200 | C19: 219.1 | D19: 219 | F19: 6.35 | G19: 7.04 | H19: 8.18 | I19: 10.31 | J19: 12.7 | K19: 15.09 | L19: 18.26 | M19: 20.62 | N19: 23.01 | O19: 8.18 | P19: 12.7 | Q19: 22.23 | R19: 2.77 | S19: 3.76 | T19: 6.5 | U19: 8.18 | V19: 12.7
A20: 10 | B20: 250 | C20: 273 | D20: 273 | F20: 6.35 | G20: 7.8 | H20: 9.27 | I20: 12.7 | J20: 15.09 | K20: 18.26 | L20: 21.44 | M20: 25.4 | N20: 28.58 | O20: 9.27 | P20: 12.7 | Q20: 25.4 | R20: 3.4 | S20: 4.19 | T20: 6.5 | U20: 9.27 | V20: 12.7
A21: 12 | B21: 300 | C21: 323.9 | D21: 325 | F21: 6.35 | G21: 8.38 | H21: 10.31 | I21: 14.27 | J21: 17.48 | K21: 21.44 | L21: 25.4 | M21: 28.58 | N21: 33.32 | O21: 9.53 | P21: 12.7 | Q21: 25.4 | R21: 3.96 | S21: 4.57 | T21: 6.5 | U21: 9.53 | V21: 12.7
A22: 14 | B22: 350 | C22: 355.6 | D22: 377 | E22: 6.35 | F22: 7.92 | G22: 9.53 | H22: 11.13 | I22: 15.09 | J22: 19.05 | K22: 23.83 | L22: 27.79 | M22: 31.75 | N22: 35.71 | O22: 9.53 | P22: 12.7 | R22: 3.96 | S22: 4.78 | U22: 9.53 | V22: 12.7
A23: 16 | B23: 400 | C23: 406.4 | D23: 426 | E23: 6.35 | F23: 7.92 | G23: 11.13 | H23: 12.27 | I23: 16.66 | J23: 21.44 | K23: 26.19 | L23: 30.96 | M23: 36.53 | N23: 40.49 | O23: 9.53 | P23: 12.7 | R23: 4.19 | S23: 4.78 | U23: 9.53 | V23: 12.7
A24: 18 | B24: 450 | C24: 457 | D24: 480 | E24: 6.35 | F24: 7.92 | G24: 12.7 | H24: 14.27 | I24: 19.05 | J24: 23.83 | K24: 29.36 | L24: 34.93 | M24: 39.68 | N24: 45.24 | O24: 9.53 | P24: 12.7 | R24: 4.19 | S24: 4.783 | U24: 9.53 | V24: 12.7
A25: 20 | B25: 500 | C25: 508 | D25: 530 | E25: 6.35 | F25: 9.53 | G25: 12.7 | H25: 15.09 | I25: 20.62 | J25: 26.19 | K25: 32.54 | L25: 38.1 | M25: 44.45 | N25: 50.01 | O25: 9.53 | P25: 12.7 | R25: 4.78 | S25: 5.54 | U25: 9.53 | V25: 12.7
A26: 22 | B26: 550 | C26: 559 | D26: - | E26: 6.35 | F26: 9.53 | G26: 14.27 | H26: 15.88 | I26: 22.23 | J26: 28.58 | K26: 34.93 | L26: 41.28 | M26: 47.63 | N26: 53.98 | O26: 9.53 | P26: 12.7 | R26: 4.78 | S26: 5.54 | U26: 9.53 | V26: 12.7
A27: 24 | B27: 600 | C27: 610 | D27: 630 | E27: 6.35 | F27: 9.53 | H27: 17.45 | I27: 24.61 | J27: 30.96 | K27: 38.89 | L27: 46.02 | M27: 52.37 | N27: 59.54 | O27: 9.53 | P27: 12.7 | R27: 5.54 | U27: 9.53 | V27: 12.7
A28: 26 | B28: 650 | C28: 660 | D28: - | E28: 7.92 | F28: 12.7 | G28: 15.88 | O28: 9.53 | P28: 12.7
A29: 28 | B29: 700 | C29: 711 | D29: 720 | E29: 7.92 | F29: 12.7 | G29: 15.88 | O29: 9.53 | P29: 12.7
A30: 30 | B30: 750 | C30: 762 | D30: - | E30: 7.92 | F30: 12.7 | G30: 15.88 | O30: 9.53 | P30: 12.7 | S30: 7.92
A31: 32 | B31: 800 | C31: 813 | D31: 820 | E31: 7.92 | F31: 12.7 | G31: 15.88 | H31: 17.48 | O31: 9.53 | P31: 12.7
A32: 34 | B32: 850 | C32: 864 | D32: - | E32: 7.92 | F32: 12.7 | G32: 15.88 | H32: 17.48 | O32: 9.53 | P32: 12.7
A33: 36 | B33: 900 | C33: 914 | D33: 920 | E33: 7.92 | F33: 12.7 | G33: 15.88 | H33: 19.05 | O33: 9.53 | P33: 12.7
A34: 38 | B34: 950 | C34: 965 | D34: - | O34: 9.53 | P34: 12.7
A35: 40 | B35: 1000 | C35: 1016 | D35: 1020 | O35: 9.53 | P35: 12.7
A36: 42 | B36: 1050 | C36: 1067 | D36: - | O36: 9.53 | P36: 12.7
A37: 44 | B37: 1100 | C37: 1118 | D37: 1120 | O37: 9.53
A38: 46 | B38: 1150 | C38: 1168 | D38: -
A39: 48 | B39: 1200 | C39: 1219 | D39: 1220
